match_id,radiant_win,first_blood_time,dire_score,radiant_score,barracks_status_dire,barracks_status_radiant,tower_status_dire,tower_status_radiant,throw,comeback,loss,win
3497210298,True,54,14,28,48,63,1792,1846,910,,17507,
3497321153,True,48,13,31,48,63,1792,1846,3285,,13212,
3497486752,True,327,20,21,3,63,1540,1830,5553,,13423,
3497644587,False,83,24,7,63,60,1974,1824,,113,,
3497783131,True,5,12,32,12,63,1568,1846,0,,15178,
3497871676,False,102,31,11,63,51,1982,1540,,-100,,
3498943075,False,63,26,16,63,3,1968,1540,,218,,
3499021213,False,162,36,26,63,0,1956,1536,,6236,,
3499189988,True,139,6,29,48,63,1920,1975,673,,23619,
3499317276,True,0,11,24,48,63,1792,1983,-351,,22238,
3499441200,True,0,37,40,3,63,516,1796,10764,,6132,
3499706053,True,145,18,40,63,63,1796,1830,2418,,13129,
3499794356,False,0,22,15,63,15,1846,1540,,-136,,
3499877802,False,249,31,12,63,63,2046,1792,,8,,
3500681821,True,286,17,23,48,63,1792,1854,3494,,20305,
3500808603,True,75,18,30,48,63,1792,1830,1890,,19781,
3500940692,True,59,7,19,60,63,1584,2047,758,,16141,
3501029072,True,215,8,24,48,63,1792,1982,163,,19840,
3501171242,True,160,8,24,15,63,1540,1975,0,,19439,
3501298785,True,224,10,24,48,63,1280,1854,0,,23210,
3501476143,True,11,19,34,47,63,1540,1974,1945,,18765,
3501629071,True,103,22,42,50,63,1792,1956,0,,25317,
3503238328,True,103,14,26,48,63,1792,1974,201,,12994,
3503356454,False,108,22,14,63,0,2038,1536,,52,,
3503484791,True,0,17,34,0,63,1536,1974,3803,,27649,
3503666230,True,10,26,35,3,63,1536,1584,2290,,15848,
3503821664,True,52,24,26,3,63,6,1828,6180,,14643,
3504026309,False,216,42,20,55,0,1988,1536,,21,,
3504143591,False,11,47,33,63,0,2046,1536,,0,,
3504247873,False,134,23,25,63,14,1846,1536,,3346,,
3504319604,True,72,13,25,11,63,1542,1983,219,,16142,
3510246936,False,1,27,27,63,12,1824,1536,,10049,,
3510336243,True,22,20,26,50,63,384,1830,4154,,13734,
3510438236,False,58,42,31,63,0,1828,1536,,1691,,
3510553812,True,217,22,45,0,63,1536,1983,100,,26417,
3510754649,False,52,33,17,63,0,2036,1536,,358,,
3510863606,False,227,35,12,63,60,1974,1824,,51,,
3510962398,True,41,14,36,48,63,1984,1590,115,,19073,
3511978899,True,22,13,37,56,63,1792,1975,-100,,23901,
3512070513,True,108,13,27,59,63,1924,1846,2,,14424,
3512155023,True,172,41,45,48,3,384,0,21349,,3027,
3512362213,False,91,22,13,63,50,1974,1792,,808,,
3512486544,True,102,30,43,0,63,0,1828,3098,,31216,
3512659037,False,61,29,11,63,3,1974,1540,,1009,,
3512834415,False,408,32,10,63,63,2047,1828,,0,,
3512927755,True,171,22,42,0,63,1536,1824,943,,6262,
3513925951,True,72,19,44,0,63,1536,1844,354,,30150,
3514072083,True,149,6,32,63,63,1924,1855,0,,26296,
3514197106,False,0,34,24,63,11,2020,1542,,393,,
3514295555,False,295,43,28,63,51,1972,1792,,2871,,
3514434560,False,126,34,25,63,2,1828,1536,,1729,,
3514623311,True,407,18,28,48,63,1920,1846,1069,,17919,
3514757987,True,97,17,44,0,15,1536,1584,1627,,20492,
3514905769,False,49,23,15,63,0,1846,0,,846,,
3515093661,True,141,21,33,0,63,1536,1584,1946,,13910,
3515227412,False,77,32,10,63,59,1982,1798,,120,,
3516243542,True,0,10,26,12,63,1568,1975,-339,,16857,
3516351567,True,92,15,22,48,63,1920,1846,-37,,12022,
3516454982,False,51,42,16,63,48,1982,1536,,268,,
3516590405,True,149,14,26,15,63,1572,1980,391,,14738,
3516707269,False,56,32,32,63,3,1956,1540,,5291,,
3516949272,True,118,14,26,51,63,1796,1974,72,,14013,
3517070424,False,4,34,10,63,63,2038,1574,,0,,
3524002856,True,294,4,21,3,63,1540,1846,80,,13768,
3524160050,True,311,16,20,3,63,1540,1574,4806,,20107,
3524294817,True,76,10,27,32,63,1536,1982,282,,18317,
3524404781,True,142,19,30,3,63,1540,1847,665,,25605,
3525348758,True,53,17,28,12,63,1568,2039,258,,18174,
3525446194,False,149,33,6,63,11,2046,1540,,0,,
3525554974,False,100,27,14,63,3,1844,1542,,1,,
3525706372,True,89,17,40,0,63,1536,1828,39,,22177,
3525840237,True,6,33,49,48,15,1536,1540,18519,,6220,
3525994644,True,0,18,31,0,63,0,1958,-354,,28148,
3526144076,True,267,15,25,51,63,516,1846,0,,21321,
3526248657,False,11,21,12,63,3,1840,1540,,252,,
3527298693,True,12,34,31,0,63,0,1590,340,,12865,
3527440319,False,43,52,41,51,0,772,0,,327,,
3527626946,True,4,16,45,32,63,1536,1846,224,,15685,
3527818741,True,133,16,37,59,63,1920,1975,0,,15531,
3527949029,False,167,43,38,13,0,1536,0,,4860,,
3528123483,False,36,36,25,63,0,1828,0,,3336,,
3528329524,True,212,41,62,48,31,1792,1572,6098,,26334,
3528450522,True,122,23,30,0,47,1536,1598,422,,21141,
3529546799,False,251,26,25,59,0,1926,0,,367,,
3529685872,False,35,30,18,63,59,2046,1796,,0,,
3529812480,True,166,12,35,0,63,1536,1846,758,,25542,
3530018295,False,125,28,15,63,0,2038,1536,,49,,
3530161568,False,0,21,11,63,51,1972,1540,,364,,
3530260459,True,50,12,38,0,63,0,1983,0,,22751,
3530401688,True,108,18,33,0,62,1024,1824,1288,,19071,
3530486844,True,380,22,38,0,63,512,1591,0,,17629,
3537526907,True,0,12,25,49,14,256,1072,354,,7075,
3537662528,True,37,15,28,63,63,1824,1982,354,,24448,
3537800215,False,85,36,22,63,0,1828,1536,,2084,,
3538073823,False,201,32,36,63,3,1972,1536,,1104,,
3538209536,True,94,19,35,55,63,1798,1982,0,,13405,
3538372616,True,127,32,40,19,63,1540,1974,0,,13344,
3538465716,False,17,43,43,48,51,1280,260,,8443,,
3539645043,True,279,20,29,3,63,1540,1844,3861,,9248,
3539833160,False,83,29,12,63,48,2036,1024,,0,,
3539980173,True,153,33,40,63,3,36,1540,8686,,23229,
3540226851,False,189,32,21,63,15,1796,1572,,11839,,
3540395141,True,136,15,23,0,63,0,2047,127,,35099,
3540529925,False,198,32,29,63,0,1584,0,,229,,
3540681433,False,0,50,30,50,0,1792,1536,,6964,,
3540802315,False,149,36,11,63,11,1844,1540,,149,,
3541962187,False,0,34,20,63,0,1844,0,,-361,,
3542160201,False,124,31,10,63,15,2044,1588,,324,,
3542359881,False,138,36,18,63,0,1844,512,,359,,
3542603444,True,0,22,27,48,63,256,1798,2210,,30474,
3542800810,True,316,13,19,51,63,1990,1572,14513,,808,
3542962816,True,0,30,22,0,63,0,1974,4729,,10580,
3543084625,True,127,20,29,51,63,1540,2047,1548,,17512,
3544380687,False,0,29,30,63,15,1828,36,,7356,,
3544548127,True,216,20,25,59,63,1540,1844,705,,15730,
3544710395,False,224,52,38,63,3,1572,1540,,10045,,
3544999229,False,0,32,22,63,3,1956,1540,,3063,,
3545125310,False,51,53,25,47,0,1536,512,,4190,,
3545253155,False,0,30,13,63,63,1974,1840,,2518,,
3545330410,False,0,32,14,63,0,2046,1536,,-557,,
3545411013,True,48,10,28,3,63,1540,2046,0,,22666,
3570053039,False,80,27,12,63,35,1972,1536,,123,,
3570059287,True,189,14,16,48,63,1792,1828,1971,,14913,
3570130016,True,81,24,43,0,63,0,1847,262,,19623,
3570136285,False,93,40,17,63,62,1828,1952,,3180,,
3570219677,True,126,58,54,48,35,256,1540,16910,,8849,
3570234217,True,240,21,32,48,63,1536,1974,4360,,25032,
3570352646,True,94,27,22,48,51,256,1540,5898,,3545,
3570353578,True,45,11,32,51,63,772,1846,840,,15308,
3570459988,False,207,32,9,63,3,1972,0,,928,,
3570584164,True,190,11,33,48,63,1536,1983,810,,27301,
3570592363,False,223,25,11,63,0,1958,0,,1064,,
3570692321,True,138,13,30,0,63,1536,1974,88,,26388,
3570704604,True,136,12,31,48,63,1792,1847,0,,16169,
3570802617,True,96,24,27,0,63,1536,1830,2235,,17311,
3570818280,True,173,19,29,48,63,1920,1847,1562,,18231,
3570955781,False,40,45,14,63,59,2047,1924,,0,,
3570981816,True,109,12,24,0,63,1536,1974,57,,19795,
3571097519,True,0,13,45,59,63,1540,1975,-74,,29623,
3571101436,False,198,35,21,63,50,1828,1920,,1980,,
3571242499,True,13,14,30,50,63,1792,1844,0,,16283,
3572054448,True,103,26,29,0,63,0,1958,3341,,6564,
3572056357,True,168,28,27,48,63,1792,1847,1256,,8290,
3572109722,True,158,22,27,63,59,1828,1796,2181,,14773,
3572114989,True,74,17,30,51,63,1796,1983,431,,17017,
3572167253,False,6,37,24,63,0,1972,0,,1176,,
3572179567,False,100,24,8,63,3,2046,1540,,560,,
3572227754,False,141,39,27,60,3,1056,0,,2727,,
3572228268,False,0,39,18,63,15,1844,1572,,1140,,
3572306807,False,179,14,2,63,51,2044,1792,,0,,
3572319102,True,154,15,26,51,63,1796,1975,0,,14025,
3572369074,True,328,13,26,48,63,1920,1846,0,,15034,
3572385680,True,183,13,24,63,63,1588,1982,180,,3877,
3572448805,True,29,19,34,51,63,1798,1975,1512,,10990,
3572453085,False,229,28,19,63,62,1956,1824,,2307,,
3572510732,False,248,32,16,63,3,1974,1540,,600,,
3572527922,False,315,28,9,63,51,2046,1280,,651,,
3572608314,True,30,19,16,48,63,1920,1846,1069,,15248,
3572625996,False,38,30,15,63,0,1844,1536,,0,,
3572696340,False,118,37,19,63,0,1828,1536,,0,,
3572702903,True,0,24,24,14,58,1568,1792,3462,,6136,
3575335731,False,123,16,14,63,7,2038,1536,,923,,
3575387841,True,64,2,22,63,63,1924,1982,509,,22498,
3575435612,True,105,16,27,0,60,0,1840,13183,,26598,
3575552622,False,0,36,19,63,15,1972,550,,59,,
3575628185,True,108,12,34,59,63,1540,1975,21,,19362,
3575732914,False,68,28,7,63,48,1980,1792,,0,,
3575810910,False,57,26,12,63,59,2047,1798,,143,,
3576960284,True,0,9,28,51,63,1796,1854,247,,12626,
3577011190,True,0,28,23,15,63,1590,1828,8454,,10062,
3577069088,True,63,14,29,51,63,1796,1846,3967,,17875,
3577149391,False,246,23,17,63,3,1972,512,,1602,,
3577220071,False,183,29,16,63,47,1972,1540,,207,,
3577286940,True,0,29,34,0,59,0,1796,1740,,11060,
3577403300,False,70,30,15,63,48,1796,256,,2063,,
3577491695,True,190,7,31,48,63,1792,1983,489,,22003,
3578689020,False,163,20,16,63,0,1844,1536,,2314,,
3578770128,False,246,22,3,63,3,2046,1540,,299,,
3578831574,True,159,15,29,0,47,0,1590,1068,,22461,
3578907393,False,164,27,16,63,51,1572,6,,4214,,
3578989936,False,131,33,9,63,11,1972,1540,,1201,,
3579099469,False,4,37,12,63,0,2022,0,,0,,
3579202701,False,220,30,7,63,56,1846,1792,,1298,,
3580613127,False,90,31,9,63,63,1974,1952,,124,,
3580676580,True,57,15,29,0,63,1536,1972,0,,15117,
3580785184,True,70,13,19,48,60,384,1824,740,,17587,
3580920775,False,340,17,6,63,15,2046,1572,,0,,
3581002972,True,172,9,27,60,63,1824,1974,0,,16630,
3581095967,True,1,24,36,50,63,1792,1840,3262,,22415,
3581277522,False,75,25,10,63,15,2038,1590,,207,,
3581372542,False,131,20,7,63,63,1846,1975,,1747,,
3583359836,True,250,17,40,48,63,1792,1590,0,,27172,
3583479175,True,542,17,26,48,63,256,1958,1260,,19838,
3583630926,True,0,36,35,59,63,768,1828,7157,,14461,
3592347071,True,263,15,34,14,63,1568,1846,1999,,14037,
3592392708,True,255,21,30,0,63,0,1974,563,,16697,
3592440441,False,68,34,42,51,0,964,0,,1580,,
3592497127,False,164,32,7,63,15,2046,1540,,429,,
3592614727,True,26,14,24,60,63,1824,1844,3027,,15870,
3592641601,False,108,26,12,63,28,1974,1536,,47,,
3592768996,True,294,6,23,48,63,384,1599,169,,27226,
3592887792,False,57,26,25,63,0,1844,0,,596,,
3592959842,True,107,27,33,17,48,0,1280,4814,,8994,
3593038122,True,49,8,23,50,63,1792,1974,0,,21604,
3593135264,False,91,29,21,63,2,1958,1536,,2097,,
3593194086,False,74,30,19,63,51,1956,6,,3520,,
3593239494,True,201,14,30,48,63,1792,1974,510,,28915,
3593288991,False,207,32,14,63,14,2038,1568,,1174,,
3593334179,True,283,11,18,8,63,1024,1590,0,,14816,
3593368959,False,58,27,27,63,60,1956,1824,,2354,,
3593412291,False,44,23,18,63,0,1972,1536,,300,,
3593471736,True,44,8,14,50,63,1792,1983,968,,12254,
3593531837,True,168,13,23,0,63,0,1982,2470,,27345,
3594381943,True,179,34,43,0,48,0,1536,14316,,9817,
3594540805,False,189,32,11,63,15,1972,1542,,1745,,
3594714448,True,0,22,35,44,63,1536,1828,617,,11328,
3594879358,True,150,20,39,0,63,512,1982,110,,14482,
3595023144,False,93,29,18,63,48,1976,1792,,1274,,
3595192440,True,174,7,23,3,63,1540,1980,77,,21237,
3595326728,False,292,40,22,63,32,1974,1536,,0,,
3595430302,True,61,12,42,0,63,1536,1980,100,,27834,
3595557830,False,50,30,8,63,0,1972,512,,1683,,
3595635564,False,29,23,10,63,3,1844,1540,,7067,,
3596688904,True,171,15,26,3,63,1540,1983,71,,17300,
3596803540,True,105,5,17,59,63,1796,1983,509,,16607,
3597031137,False,0,69,27,60,19,1280,4,,7396,,
3597234172,True,0,34,39,0,63,0,1956,3661,,12518,
3597401325,True,304,11,31,0,63,1536,1972,1,,26487,
3604953487,False,310,23,11,63,51,1974,1796,,1063,,
3604955649,False,145,40,32,51,0,1920,0,,3822,,
3605018496,False,337,22,10,63,42,2046,1536,,605,,
3605037754,False,13,35,10,63,63,1982,1798,,261,,
3605073008,False,71,32,23,63,8,1974,1536,,102,,
3605087164,True,44,12,30,3,63,518,1972,1270,,16422,
3605148046,True,44,40,29,51,3,260,0,11054,,0,
3605162043,False,209,33,18,63,63,1974,1572,,333,,
3605234811,False,49,38,27,63,11,1924,1540,,0,,
3605239055,True,3,12,28,0,63,1536,1844,1155,,21714,
3605319407,False,142,36,16,63,32,1828,1536,,1855,,
3605341105,True,111,35,46,48,51,0,1540,5130,,8914,
3605412047,True,249,18,30,63,63,1824,1975,0,,18700,
3605472318,False,93,43,19,63,48,1824,1792,,9316,,
3605489927,False,0,39,27,63,2,1846,0,,270,,
3605580580,True,0,16,34,16,63,1024,1847,354,,20332,
3605614743,True,132,16,31,60,63,1792,1846,138,,10584,
3605691617,True,95,12,19,51,63,1988,1846,1261,,12258,
3606843421,False,56,31,14,63,3,1824,4,,0,,
3606848244,False,134,49,38,39,0,1542,0,,88,,
3606910502,True,9,18,42,0,63,1536,1844,0,,21768,
3606941562,True,75,14,31,63,63,1796,1982,243,,11056,
3607008645,False,129,30,22,63,3,1844,1540,,343,,
3607013095,True,62,27,36,48,11,1792,4,1859,,5163,
3607109048,False,87,22,16,63,0,2038,1536,,1084,,
3607111763,True,21,8,20,60,63,1952,1975,699,,13710,
3607188587,False,90,29,20,63,48,2036,1792,,692,,
3607198017,False,42,47,33,59,60,1796,1024,,2870,,
3607291192,True,3,16,29,59,63,1924,1855,174,,12697,
3607331394,False,0,21,4,63,43,1974,1540,,391,,
3607359766,True,104,14,25,0,63,1536,1846,458,,21141,
3607412308,False,130,30,13,63,51,1972,1792,,156,,
3607459375,True,169,14,24,48,63,1792,2047,725,,15961,
3607511920,True,176,30,40,12,63,1568,1844,537,,9227,
3607539060,False,0,37,25,51,3,1924,4,,-344,,
3607631172,False,40,29,21,63,61,1828,1792,,3941,,
3609079759,True,165,33,44,0,51,0,1926,486,,26068,
3609225559,False,22,33,7,63,10,1982,1536,,1031,,
3609602443,False,85,32,27,63,15,1824,1572,,5827,,
3609753657,False,104,23,10,63,47,2046,1574,,316,,
3609945974,False,0,26,9,63,15,1972,1572,,444,,
3610090295,True,127,16,31,0,63,1536,1847,0,,21372,
3616214571,False,168,21,19,63,0,1824,1536,,4115,,
3616300576,False,132,37,19,63,15,1972,1568,,220,,
3616383122,True,151,17,21,48,63,1536,1975,1465,,17457,
3616461072,False,141,19,13,63,0,1982,1536,,0,,
3616514538,True,62,21,34,3,63,4,1972,0,,17214,
3616571379,False,194,28,20,63,0,2036,512,,692,,
3616622623,True,35,9,28,48,63,1792,1854,0,,15891,
3616664521,False,54,19,13,63,0,2020,1536,,263,,
3616712080,False,7,21,27,56,0,1536,0,,4930,,
3618204345,True,9,16,27,0,63,0,1828,2140,,14519,
3618313643,True,323,8,29,0,63,0,1975,1877,,27340,
3618354768,False,175,29,12,63,0,1846,0,,3182,,
3620078284,False,106,25,22,63,0,1956,512,,2641,,
3620201501,True,88,10,25,48,63,896,1982,170,,19403,
3620299194,False,88,27,8,63,51,1982,1796,,110,,
3620675836,True,45,17,33,0,63,0,1854,421,,22700,
3620742450,True,170,19,29,0,63,1536,1982,443,,16189,
3620796674,True,20,33,48,3,63,6,1844,10033,,7803,
3622490608,True,97,8,25,15,63,1540,1974,946,,15196,
3622599446,True,0,18,31,0,12,1536,1072,-48,,13946,
3622722921,True,103,19,30,0,63,0,1828,4821,,5204,
3622880958,False,106,34,18,63,2,2044,1536,,994,,
3622964324,True,56,11,24,32,63,1536,1983,246,,30394,
3623062792,True,107,14,21,3,63,518,1844,4583,,11209,
3623123807,False,262,36,11,63,0,1956,512,,755,,
3623193404,True,80,9,31,51,63,1924,1846,2528,,16447,
3624843844,False,0,24,14,63,0,1952,1536,,-288,,
3624958444,False,0,36,23,63,1,2038,1536,,833,,
3625065137,True,312,10,30,48,63,1536,1854,111,,24831,
3625160730,True,157,12,27,3,63,518,1972,2973,,16588,
3625232006,True,0,16,16,51,63,390,1572,4481,,3902,
3625315335,False,0,32,15,63,0,2044,1536,,354,,
3625366950,False,109,26,20,13,19,1568,1540,,15046,,
3625422067,False,135,34,24,63,0,1972,512,,142,,
3625490002,False,44,30,18,63,0,2046,1024,,0,,
3660362209,True,92,33,33,49,63,768,1830,6080,,11896,
3660378428,False,193,16,9,63,15,1982,1588,,298,,
3660451515,False,168,30,15,51,0,1796,1536,,9972,,
3660475817,False,83,38,21,63,0,1958,512,,496,,
3660560361,False,56,28,11,63,0,1974,1024,,1427,,
3660612899,False,82,44,31,63,0,2022,0,,3550,,
3660651721,False,9,27,20,63,15,2039,1572,,666,,
3660720013,True,142,10,35,2,63,1536,1980,497,,17274,
3660724526,False,255,33,17,63,3,1974,1542,,79,,
3660803130,False,161,33,29,63,0,1956,0,,940,,
3662259479,False,60,36,7,63,59,2038,1796,,395,,
3662371483,False,130,26,7,63,0,1854,1536,,36,,
3662517281,True,153,16,26,63,63,256,1572,2502,,6070,
3662626622,False,61,20,13,63,3,1828,1542,,4609,,
3662702352,True,0,32,39,0,63,0,1830,513,,18606,
3662819539,True,320,19,34,0,63,1536,1974,1930,,25124,
3662885812,True,28,10,27,48,63,1920,1846,443,,15750,
3664284504,True,256,12,31,51,63,1796,1854,0,,13555,
3664386030,True,113,12,29,51,63,774,1854,0,,16947,
3664563145,False,91,30,18,63,3,1846,1536,,3186,,
3664688423,False,97,26,21,63,0,1972,1536,,3867,,
3664912288,True,125,20,37,19,63,516,1974,228,,17247,
3664972517,False,57,45,25,63,0,1828,1536,,1323,,
3666543344,True,194,30,22,0,63,1536,1828,12012,,12715,
3666647813,True,73,23,33,2,63,1536,1974,2573,,21484,
3666744360,False,280,25,11,63,50,2046,1792,,271,,
3666821068,False,74,37,36,35,15,516,52,,17626,,
3666921836,False,146,23,11,63,0,1974,512,,388,,
3694561853,False,148,27,3,63,51,1982,1796,,438,,
3694593671,True,76,11,25,48,63,1792,1854,0,,21818,
3694623523,False,40,36,21,63,14,1972,1568,,0,,
3694672680,True,209,16,24,59,63,1796,1828,201,,10343,
3694695589,False,17,33,5,63,15,1976,1540,,0,,
3694760597,False,133,33,14,63,3,2038,1540,,649,,
3694775908,True,0,19,29,2,63,1536,1968,341,,13473,
3694837394,False,1,25,10,63,63,2046,1847,,100,,
3694856512,True,300,23,26,48,63,1536,1847,0,,10223,
3694904506,True,201,14,26,51,63,6,1844,4341,,12498,
3694940772,True,219,5,18,60,63,1824,1975,0,,17051,
3695005031,True,46,12,33,1,63,1536,1982,0,,19603,
3695009268,False,42,24,11,63,58,1846,1792,,0,,
3695087532,True,57,24,39,15,63,1540,1983,666,,36447,
3695119172,False,4,26,18,63,0,2038,1536,,0,,
3695226002,True,0,11,28,3,63,1540,1828,522,,15788,
3695231259,True,141,21,37,51,63,256,1975,764,,20843,
3696227516,False,19,37,20,63,51,2038,1796,,0,,
3696233055,True,179,13,38,0,63,512,1844,1922,,12728,
3696286347,True,36,4,18,51,63,1924,1983,0,,16809,
3696306464,False,140,24,12,63,56,1982,1792,,107,,
3696337562,True,134,21,34,51,63,260,1796,8732,,6590,
3696361086,False,174,20,12,63,0,2046,1536,,0,,
3696416896,False,27,26,14,63,15,2036,1574,,1006,,
3696424993,False,101,37,14,63,0,1588,1536,,2205,,
3696501908,True,142,24,32,34,63,1536,1854,2614,,15275,
3696537358,False,80,20,9,63,56,2038,1792,,679,,
3696594852,False,3,32,26,63,40,1828,0,,2574,,
3696618477,False,145,50,53,48,0,0,0,,17399,,
3696703002,True,0,16,23,48,63,1792,1846,490,,14544,
3696802285,False,114,29,23,63,0,1824,1536,,6746,,
3697932209,False,88,27,19,63,0,1958,1536,,205,,
3697932551,True,89,17,33,50,63,768,1572,1133,,16410,
3698002964,False,72,31,8,63,0,1844,1536,,4,,
3698009748,True,58,22,32,49,63,1920,1846,0,,26586,
3698067186,True,51,13,38,59,63,1540,1974,0,,13041,
3698091718,False,124,31,14,63,59,1972,1796,,227,,
3698141876,True,0,31,28,48,0,256,1536,8516,,4227,
3698163097,False,211,23,7,63,56,1846,1792,,0,,
3698238849,False,65,35,23,31,3,1574,1540,,1039,,
3698247222,False,51,29,10,63,47,1974,1572,,914,,
3698322743,False,76,19,10,63,4,1974,1536,,1093,,
3698342712,True,373,8,31,48,63,1920,1588,4182,,15761,
3698403352,True,321,2,16,63,63,1828,1855,1011,,12168,
3698427295,True,397,37,33,0,63,0,1846,198,,15287,
3698556611,False,86,36,19,63,0,1828,1536,,46,,
3699841826,True,217,6,16,63,63,1828,1846,1938,,2953,
3699928943,True,76,10,37,11,63,1540,1854,456,,21212,
3700059851,True,98,28,31,1,63,0,1983,0,,15073,
3700150918,False,167,20,12,63,63,1844,1572,,1209,,
3701815840,False,60,33,13,63,0,2036,0,,0,,
3701923243,False,144,30,37,3,51,512,390,,19100,,
3702089496,False,268,25,5,63,3,1982,1540,,574,,
3702177241,True,0,8,40,0,15,512,1591,-354,,24284,
3703866531,True,87,15,36,63,63,1956,1974,857,,9640,
3703959697,False,0,29,21,63,48,1956,1792,,2074,,
3704076062,False,128,30,15,63,49,1846,1920,,610,,
3704183534,False,42,34,16,63,48,1974,1792,,550,,
3704280890,True,282,16,34,51,63,454,1830,3527,,11973,
3710610589,True,288,9,25,63,63,1828,1975,926,,18662,
3710659933,False,15,34,22,63,51,1972,262,,0,,
3710771742,True,2,24,35,3,63,1540,1572,616,,13453,
3710846471,False,172,34,15,63,0,1982,1536,,100,,
3710951598,True,129,35,30,0,63,1536,1844,973,,8908,
3711037338,False,93,36,20,63,63,2046,1828,,25,,
3712282967,False,128,23,11,63,47,1972,1572,,47,,
3712338559,True,370,21,44,0,0,0,0,17402,,34215,
3712487457,True,0,12,31,59,63,1796,1983,1431,,19270,
3712573013,True,189,25,28,0,63,1024,1591,370,,10536,
3712656854,True,0,13,27,48,63,1536,1852,-255,,22233,
3712778240,False,0,29,16,63,2,1958,1536,,1179,,
3712904364,True,0,16,36,48,63,768,1846,1031,,24565,
3713023478,False,91,25,25,63,11,1830,6,,1209,,
3713946952,True,34,13,19,0,63,1536,1588,277,,21399,
3714008269,False,11,30,25,63,2,1828,1536,,0,,
3714117760,True,74,23,47,48,63,256,1798,0,,23724,
3714224218,False,0,33,20,63,2,1958,1536,,-354,,
3714317072,True,116,21,36,43,63,1540,1830,2553,,23970,
3714460796,True,409,1,22,48,63,1920,1974,0,,31766,
3714549210,True,187,31,29,51,11,260,1540,11593,,3442,
3714669164,False,208,42,26,63,2,1968,1536,,102,,
3714829316,False,100,29,11,63,0,1974,512,,450,,
3714953219,False,11,29,13,63,15,1956,0,,620,,
3715113464,False,152,31,11,63,3,2046,1540,,822,,
3715991149,False,12,21,6,63,14,2039,1568,,681,,
3716044674,True,149,35,36,0,3,0,512,14168,,6340,
3716172156,False,97,26,8,63,15,2036,1572,,658,,
3716269301,True,0,37,38,15,11,36,1540,8266,,9704,
3716503818,True,163,34,44,0,48,0,0,2323,,25681,
3716642134,True,213,5,11,35,63,1540,1983,,,,
3716722821,True,130,13,26,51,63,1920,1854,60,,14388,
3716818051,False,83,29,18,63,48,1972,1792,,2282,,
3743740299,False,163,32,17,60,0,1592,0,,0,,
3743753906,False,93,27,25,63,0,1572,0,,9470,,
3743825941,False,0,29,17,63,51,1844,390,,6945,,
3743877987,True,112,15,32,48,63,1792,1846,0,,25825,
3743930304,True,0,9,24,0,63,512,1844,0,,20777,
3743984381,True,157,13,24,3,63,516,1854,1795,,10331,
3744068304,True,48,8,12,0,63,1536,1983,133,,17586,
3744092341,True,277,25,26,13,63,32,1926,997,,5461,
3744175111,False,0,38,7,63,35,2046,1536,,-251,,
3744215830,True,66,23,21,59,47,4,1588,5416,,3058,
3744260553,False,138,18,19,63,0,1926,1536,,96,,
3744321987,False,187,37,19,63,60,1974,1792,,0,,
3744340908,True,144,20,38,3,63,1536,1590,1106,,16224,
3744407716,True,78,15,38,48,63,1792,1974,329,,17437,
3744421491,False,33,31,13,63,35,2036,1540,,792,,
3744481509,True,5,12,27,0,63,1536,1982,785,,29444,
3744484565,True,119,23,33,51,15,4,1574,1215,,15671,
3744526729,False,11,35,30,63,3,1956,1542,,3016,,
3745245550,True,198,10,14,15,63,1542,1974,1465,,5996,
3745246720,True,14,12,20,51,63,1920,1852,100,,7124,
3745305291,False,188,39,18,63,0,1572,1536,,563,,
3745319965,False,0,24,11,63,2,1972,1536,,249,,
3745418286,False,150,20,9,63,8,1972,1536,,1472,,
3745429518,False,87,28,20,63,51,1830,390,,5762,,
3745527313,True,176,23,34,48,63,1920,1846,2277,,6524,
3745532996,False,59,28,30,29,51,1568,774,,12791,,
3745654838,False,152,24,19,63,0,1972,0,,840,,
3745657452,False,105,31,5,63,63,2047,1572,,690,,
3745732943,True,267,23,22,32,63,1536,1831,4960,,7169,
3745760706,True,230,8,35,44,63,1584,1846,0,,15826,
3745813369,True,272,16,36,51,63,1926,1828,8342,,3577,
3745831943,False,68,24,31,63,3,1828,1536,,11470,,
3746810544,True,76,12,20,3,62,1536,1840,0,,12242,
3746813031,False,0,49,42,47,3,1572,4,,9178,,
3746893613,False,230,30,10,31,0,560,0,,0,,
3746945388,False,0,23,20,63,11,1956,1540,,7134,,
3747006714,False,81,38,21,63,51,1828,260,,2421,,
3747041770,True,222,25,22,63,63,896,1844,7392,,1868,
3747126700,True,130,6,24,0,63,512,1983,0,,14915,
3747183006,True,298,27,35,0,63,0,1830,10715,,2653,
3747238582,False,0,38,26,63,3,2038,4,,351,,
3747320300,False,134,43,22,63,50,1824,1792,,6882,,
3747355056,True,32,11,46,2,63,0,1846,0,,38148,
3747471332,False,84,25,28,51,15,1792,54,,5358,,
3748753530,False,150,21,5,63,11,2044,1542,,0,,
3748838786,True,169,6,24,63,63,1968,1983,0,,11403,
3748928380,False,78,31,10,63,48,1982,1792,,0,,
3749024236,False,199,30,23,63,0,1828,1536,,5966,,
3749130082,True,96,10,27,48,63,448,1983,0,,28956,
3750244771,True,139,8,30,63,63,1824,1847,84,,15696,
3750343882,True,165,29,23,50,47,1920,1572,8372,,1262,
3750461499,False,235,30,14,63,63,1972,1792,,174,,
3750736836,False,127,30,14,63,63,1968,1572,,7657,,
3750844055,True,73,20,25,59,63,1792,1855,378,,18422,
3750946886,False,107,31,27,12,35,32,4,,6896,,
3751104948,True,90,6,26,3,63,1540,1983,0,,16590,
3751180345,True,377,24,34,48,63,0,1974,270,,22679,
3752068728,False,202,30,20,63,48,1844,1792,,2016,,
3752174849,False,155,43,8,63,3,1983,1536,,91,,
3752273869,True,153,33,31,0,63,0,1974,1597,,20758,
3752505318,True,0,9,25,48,63,1792,1982,-360,,24275,
3752602284,True,186,9,27,63,63,1956,1974,0,,17934,
3752683273,False,219,24,10,63,63,2038,1846,,794,,
3752758474,True,101,15,38,0,63,0,1983,751,,27599,
3763492629,True,131,19,34,48,63,1792,1844,1475,,14703,
3763575506,True,152,26,47,15,63,1542,1840,4138,,14433,
3763711443,True,77,18,27,12,63,1536,1798,1058,,22832,
3763798613,False,73,22,21,63,3,1572,1542,,11875,,
3763905209,True,111,15,31,0,63,0,1830,1312,,23609,
3764049023,False,110,18,6,63,63,1974,1798,,720,,
3764167820,False,141,24,19,51,35,1796,1540,,704,,
3764298763,True,61,17,25,49,63,1920,1983,252,,14834,
3765204718,True,76,23,45,19,60,4,1824,4609,,7927,
3765289061,True,211,13,23,0,63,0,1846,25,,13007,
3765370823,True,76,49,44,15,3,1568,1536,12420,,688,
3765492612,True,197,5,35,0,63,1536,1968,403,,17415,
3765600224,False,0,28,11,63,60,1846,1792,,351,,
3765708885,True,31,36,22,48,63,0,1798,7779,,4729,
3765833999,True,103,19,25,48,63,1024,1828,1626,,19220,
3765946065,True,24,11,29,15,63,1588,1846,0,,13561,
3766681094,True,309,19,27,15,63,1540,1982,0,,16602,
3766752458,True,123,20,27,48,63,896,1846,0,,22026,
3766823904,False,131,37,22,63,0,2038,0,,0,,
3766915400,True,128,27,43,0,47,0,1574,7859,,17684,
3767025456,False,284,36,26,63,51,1846,772,,650,,
3767136890,True,313,21,26,51,15,454,512,33857,,0,
3767287818,True,8,11,14,12,63,1568,1983,410,,8976,
3767358224,True,174,10,27,0,63,0,1855,37,,22745,
3768183941,True,69,6,28,50,63,1920,1983,256,,11177,
3768245969,False,281,24,19,63,51,1572,390,,10564,,
3768329633,False,207,26,25,63,0,1828,0,,3239,,
3768435440,False,8,33,26,61,0,1840,0,,8585,,
3768548189,True,2,22,39,0,63,1536,1828,0,,20725,
3768665017,True,420,25,28,0,51,0,260,10632,,5649,
3768860674,True,57,28,28,51,59,260,1792,3436,,7275,
3768972838,False,125,24,9,63,3,1972,6,,0,,
3769072510,False,55,25,20,63,3,1828,6,,1617,,
3771606255,True,91,9,40,47,63,1572,1975,-100,,24403,
3771700231,False,0,31,18,63,0,1588,0,,1056,,
3771806416,False,101,26,6,63,48,1852,256,,0,,
3771946947,False,112,25,19,63,3,1846,4,,2376,,
3772078989,True,0,14,26,3,63,1536,1847,360,,13839,
3772237673,True,73,8,24,63,63,1828,1846,5315,,7580,
3772339381,True,117,0,27,0,63,0,1983,0,,26101,
3772435351,True,161,13,30,3,63,0,1844,143,,22916,
3773436674,True,118,14,33,0,59,0,1798,4270,,24610,
3773545008,True,102,12,32,58,63,1792,1974,674,,17158,
3773664713,False,155,25,16,63,3,1572,1542,,6396,,
3773771562,False,218,25,24,63,51,1830,260,,6157,,
3773950827,True,123,16,25,50,63,1792,1846,0,,22561,
3774083100,True,161,22,24,3,63,1540,1982,1609,,10367,
3774178327,False,194,39,13,63,59,1830,1540,,141,,
3775730294,True,75,10,30,44,63,1536,1975,0,,20882,
3775825168,True,140,13,26,51,63,1540,1974,0,,18425,
3775933971,True,49,18,36,59,63,1798,1982,0,,14738,
3781456589,True,157,12,16,14,63,1568,2038,0,,10893,
3781496374,True,0,19,26,3,63,4,1798,5489,,8709,
3781569096,False,318,28,13,63,0,1846,1536,,313,,
3781636310,True,0,10,30,0,63,1536,1974,-373,,22539,
3781706342,True,87,23,35,3,63,1536,1844,399,,15604,
3781777845,True,247,16,24,11,63,1540,1974,0,,24898,
3781854643,True,0,15,23,48,63,1792,1974,354,,15998,
3781943140,True,176,28,34,3,63,4,1924,0,,10941,
3782034378,False,77,33,15,63,0,1974,0,,0,,
3783051055,True,49,4,31,63,63,1988,1855,768,,11026,
3783090410,False,49,38,11,63,3,1982,1540,,259,,
3783144649,False,0,24,9,63,48,1956,1792,,1205,,
3783207155,True,150,26,27,35,63,4,1588,9258,,2706,
3783282607,False,9,21,10,63,0,1828,1536,,1592,,
3783381318,False,101,39,29,63,3,1844,516,,773,,
3783480887,True,158,15,28,0,63,0,1854,304,,22721,
3784916640,True,375,10,19,48,63,1792,1847,432,,16902,
3785089541,False,281,32,9,63,0,2038,1536,,181,,
3785291298,False,136,46,42,19,0,1540,0,,7165,,
3785462740,False,4,32,22,63,48,1844,1536,,3887,,
3785554522,True,97,38,27,63,0,390,0,35714,,409,
3785816471,False,155,36,13,63,0,1956,1536,,2588,,
3785951130,True,72,29,34,48,63,256,1828,3455,,19113,
3786106535,True,191,31,20,63,63,388,1796,13875,,0,
3786958899,False,225,20,11,63,58,1844,1792,,455,,
3787058134,True,85,19,32,12,63,1568,1830,677,,16023,
3787212636,True,381,19,28,0,63,0,1830,894,,18286,
3787365356,False,0,35,14,15,48,1584,1792,,-20,,
3787477054,False,44,48,21,63,0,1972,0,,168,,
3787689572,True,80,8,16,31,63,1572,2046,804,,9206,
3787793545,True,124,9,15,48,63,1792,1983,628,,18510,
3792361808,True,54,12,30,3,63,1540,1855,585,,26251,
3792442906,False,177,19,4,63,3,1974,1542,,0,,
3792551699,True,101,13,33,17,63,1536,1846,81,,21509,
3792653077,True,51,17,42,3,63,4,1591,100,,33158,
3792813426,False,74,14,2,63,3,2046,518,,-100,,
3792899771,True,227,18,26,14,63,1568,1956,1194,,15540,
3793030149,True,48,34,43,51,63,4,1828,637,,16724,
3793135633,True,104,15,27,0,60,1536,1968,2162,,9496,
3793936123,True,208,21,28,0,63,1536,1796,4847,,10414,
3794026128,False,152,36,11,63,48,2038,1792,,0,,
3794109188,False,142,39,5,63,3,1982,1536,,0,,
3794215242,False,199,38,16,63,0,1958,1536,,1207,,
3794315872,True,100,10,37,44,63,1568,2047,140,,24493,
3794444729,True,229,9,24,52,63,1984,1847,619,,12977,
3794537388,False,55,15,7,63,51,1982,1927,,124,,
3794599724,True,204,38,34,0,3,0,518,11155,,6044,
3794721842,False,0,30,4,63,63,2039,1846,,-390,,
3794784138,False,140,26,12,63,51,1974,1540,,219,,
3795753791,True,113,13,22,0,63,1024,1855,1049,,11794,
3795857405,False,143,30,29,63,12,1828,32,,1842,,
3796013772,True,14,12,34,12,63,1568,1982,0,,21636,
3796128008,False,79,27,22,63,0,2038,0,,0,,
3796268587,True,383,7,30,60,63,1568,1974,0,,19459,
3796359654,False,1,39,8,63,63,2038,1844,,0,,
3797616005,False,344,32,13,63,0,2046,0,,0,,
3797779580,False,202,34,23,63,51,1844,260,,2481,,
3797921919,False,207,29,21,51,0,1796,0,,3724,,
3798116566,False,98,45,23,63,0,1952,1024,,5432,,
3798272648,True,39,20,35,51,15,1924,1572,8157,,17326,
3799869808,False,244,25,4,63,0,1972,1536,,2161,,
3799989013,False,0,31,18,63,0,1830,0,,3661,,
3800120344,False,227,35,18,63,3,1980,1542,,0,,
3805102807,False,186,34,17,63,0,1968,1536,,2592,,
3805108868,True,21,11,37,3,63,0,1844,120,,14108,
3805168942,False,0,44,25,63,0,1972,512,,1935,,
3805169331,False,118,31,14,63,0,1974,0,,0,,
3805223928,False,332,36,24,63,0,1972,1536,,2570,,
3805240127,True,48,34,35,51,3,260,512,11685,,6230,
3805293296,False,0,34,24,63,32,1972,1536,,4351,,
3805324477,False,0,34,2,63,63,2047,1828,,-390,,
3805358214,False,122,42,25,63,0,1956,1024,,2696,,
3805388478,True,152,12,36,11,63,1540,1846,315,,19436,
3805446809,False,275,42,17,63,3,2046,1540,,0,,
3805456168,False,79,23,14,63,60,1958,1824,,890,,
3805522795,True,215,21,35,0,63,1536,1846,1096,,11964,
3805545412,True,5,20,29,48,63,0,1830,3053,,9552,
3805613071,True,0,20,39,59,63,1924,1846,1252,,10830,
3805633343,False,66,30,26,63,0,1844,1536,,0,,
3806744443,False,187,33,21,63,3,1828,1536,,4999,,
3806747614,False,0,33,28,63,0,1792,0,,2473,,
3806807387,True,0,23,33,32,63,0,1975,639,,29215,
3806807674,False,23,44,17,63,2,2036,1536,,65,,
3806873564,True,107,6,22,3,63,516,1983,53,,13242,
3806880107,False,171,34,14,63,15,2038,1542,,61,,
3806929208,True,0,15,24,14,63,1568,1974,469,,12538,
3806938549,True,138,37,28,60,51,288,390,7292,,4106,
3806993715,True,0,17,27,48,63,256,1830,1057,,18082,
3807025985,False,1,33,14,63,3,2038,1542,,0,,
3807067611,True,69,18,26,3,63,1540,1852,990,,15673,
3807110470,True,84,17,28,0,63,1536,1975,18,,15423,
3807137726,True,8,44,39,48,15,256,1572,12481,,490,
3807181073,True,42,4,26,51,63,1798,1982,0,,11839,
3807257804,True,150,10,25,12,63,1568,1974,58,,15021,
3807259050,True,92,18,47,3,63,1536,1846,0,,18009,
3808518879,True,264,12,36,3,63,1536,1982,48,,27957,
3808519940,True,100,21,28,0,63,0,1975,342,,34630,
3808586208,False,114,21,11,63,0,1846,512,,969,,
3808588717,False,0,47,15,63,51,1796,6,,-164,,
3808649092,True,72,14,34,3,63,1028,1846,940,,19650,
3808671269,True,0,25,38,3,51,1540,1796,4961,,21837,
3808730315,True,235,16,28,0,63,1536,1844,0,,14691,
3808749687,True,186,11,25,3,63,1536,1983,0,,17335,
3808804800,False,0,26,18,59,0,1796,0,,2189,,
3808843431,False,68,54,35,63,0,1844,512,,0,,
3808894481,True,40,9,23,44,63,1568,1983,0,,17967,
3808944568,False,33,42,31,63,55,1958,262,,893,,
3808965597,True,85,11,31,50,63,1792,1982,0,,15469,
3809038898,True,257,5,21,3,63,1540,2047,0,,25632,
3809062947,False,106,23,13,63,58,1828,1792,,2805,,
3809120660,True,116,27,17,63,63,1796,1830,9621,,1088,
3810441732,True,73,13,22,14,63,1568,1974,493,,28838,
3810442630,True,158,16,37,28,63,1568,1846,558,,14193,
3810503944,False,0,39,29,63,0,2038,0,,1942,,
3810509929,True,0,18,33,0,62,1536,1568,758,,15736,
3810591728,False,209,43,33,59,0,1796,1536,,4914,,
3810598478,True,56,10,23,51,63,1796,1846,2129,,8062,
3810667407,True,2,31,38,7,3,1028,1540,1378,,13082,
3810690114,False,22,36,34,0,51,1536,263,,8206,,
3810797045,False,71,39,11,63,0,1974,1536,,0,,
3810816945,True,141,18,29,3,63,1540,1974,1199,,20251,
3810913865,False,106,36,20,63,0,1972,1536,,1025,,
3810920238,False,116,32,16,63,2,2038,1536,,0,,
3811019779,False,169,32,29,63,2,1844,1536,,1699,,
3811024255,False,194,25,10,63,46,1972,1568,,1976,,
3811138840,True,91,30,40,3,63,1540,1828,2359,,22286,
3811141827,False,57,24,12,63,63,1830,1974,,4183,,
3811269198,False,150,38,16,63,35,1844,516,,2728,,
3811272637,True,124,7,26,35,63,1540,2047,0,,21120,
3811395746,True,87,14,32,15,63,1572,1974,17,,16570,
3813737784,True,0,12,30,35,63,1540,1983,-234,,19526,
3813773851,True,118,5,16,60,63,1792,1983,114,,16838,
3813829086,True,157,9,19,15,63,1542,1972,704,,7363,
3813872197,True,138,27,37,48,63,0,1798,2256,,7378,
3813952666,True,142,13,22,0,63,1536,1854,95,,12796,
3814007675,True,166,25,29,48,63,1792,1974,4063,,14329,
3814099333,True,414,16,23,48,63,1792,1824,2563,,13710,
3814189609,True,20,17,37,12,63,32,1974,2869,,22602,
3815208445,False,147,35,34,51,0,260,0,,4900,,
3815256950,False,104,23,23,63,3,1828,4,,1535,,
3815318822,True,108,25,30,0,63,0,1959,2810,,16452,
3815378585,True,128,26,27,3,63,1540,1983,902,,13934,
3815445061,False,210,25,9,63,35,2044,1540,,0,,
3815509528,False,87,28,2,63,3,2046,1540,,0,,
3815594091,True,177,9,25,8,63,1536,1844,120,,18454,
3815664057,True,11,16,40,3,63,1540,1588,411,,16248,
3815751099,True,72,31,32,0,51,0,1796,26996,,0,
3816709362,True,0,12,34,0,63,1536,1846,613,,23699,
3816766153,True,147,15,34,0,12,0,32,94,,8398,
3816848333,True,171,15,24,48,63,1920,1846,1721,,8695,
3816899525,False,112,28,15,63,3,1846,1536,,1466,,
3816957355,True,200,8,33,47,63,1540,1974,634,,24209,
3817043405,True,57,32,37,3,63,4,1824,4427,,22308,
3817139322,False,322,47,32,31,51,1568,902,,12620,,
3817246912,True,156,18,34,32,63,1536,1972,949,,9061,
3818333792,True,71,19,25,0,63,0,1982,1024,,20310,
3818397105,False,159,34,16,63,3,1828,4,,3709,,
3818469890,True,95,7,18,0,63,1536,1975,266,,16433,
3818518023,True,110,43,47,48,63,1792,1574,9922,,7307,
3818623346,False,90,21,12,63,63,1830,1824,,1659,,
3818707653,True,98,24,43,0,63,0,1830,0,,34637,
3818797818,False,117,30,22,63,2,1972,1536,,1901,,
3820058665,False,73,22,23,63,51,1828,1796,,5592,,
3820112359,False,5,46,37,51,2,1796,1536,,9889,,
3820170555,True,260,19,31,52,3,256,1540,2881,,7364,
3820341307,True,42,17,26,60,63,1840,1974,950,,13958,
3820410022,True,90,6,29,15,63,1540,1980,340,,12880,
3820507353,False,247,28,25,63,3,1956,1540,,2308,,
3820592361,True,68,13,30,3,63,1540,1974,1269,,12627,
3820686389,False,71,28,14,63,3,1972,0,,1820,,
3828770018,False,0,31,25,63,0,1974,1536,,1711,,
3828904099.0,,61.0,30.0,8.0,63.0,59.0,1974.0,1798.0,12275.0,,0.0,
3828974488,True,121,12,34,32,63,1024,2047,0,,27740,
3829119614,False,194,29,10,63,48,1974,1792,,0,,
3829231416,False,204,30,24,63,11,1572,4,,7058,,
3829376689,True,222,11,26,0,63,1536,1847,269,,18128,
3829506426,True,62,15,24,3,63,518,2047,667,,15982,
3829564146,True,156,14,22,51,63,1796,1854,2076,,9352,
3830307665,False,125,37,38,59,51,1792,1796,,2955,,
3830446119,True,257,14,39,0,63,1536,1844,0,,31834,
3830552431,True,155,29,33,63,63,388,1796,17194,,0,
3830762107,False,17,30,22,61,0,1568,0,,7303,,
3830902400,False,248,35,10,63,0,2022,0,,2042,,
3831006834,False,121,28,27,15,63,1540,256,,0,,
3831145338,False,0,25,26,63,3,1956,4,,5197,,
3831243271,False,28,27,24,61,11,1952,1028,,5873,,
3831900465,True,0,27,40,0,63,512,1568,339,,25691,
3832019039.0,,187.0,32.0,44.0,15.0,51.0,32.0,1796.0,10463.0,,5654.0,
3832128441,False,0,40,22,63,0,1824,0,,-81,,
3832266067,False,39,27,2,63,51,1982,1798,,0,,
3832355063,True,0,7,28,51,63,1796,1982,355,,17061,
3832546445,True,229,37,36,51,63,390,1572,5898,,3341,
3832724862,True,239,23,34,3,63,0,1974,0,,18499,
3832863060,False,193,42,21,63,59,1844,260,,3827,,
3832989883,False,50,22,5,63,1,2047,1536,,281,,
3833080676,False,156,25,15,63,0,2046,1536,,2972,,
3834007564,True,121,11,25,3,63,1540,1975,562,,16032,
3834092818,False,26,38,18,63,0,1844,0,,346,,
3834233074,True,334,16,32,0,63,0,1844,0,,38801,
3834408289,True,161,14,21,3,63,1540,1974,118,,8456,
3834511370,False,149,18,9,63,3,2046,1542,,302,,
3834655304,True,177,34,27,60,63,288,1572,7026,,7111,
3834797908,True,126,27,24,11,63,1540,1844,5487,,3719,
3834893237,False,123,21,14,63,3,2038,6,,147,,
3834963072,True,0,25,26,63,63,1924,1846,4,,8812,
3853663055,False,0,38,33,63,60,1956,1824,,7654,,
3853738369,False,146,28,7,63,15,2038,1590,,0,,
3853781987,True,7,14,42,61,63,2016,1855,0,,14276,
3854315649,False,0,40,28,63,3,1956,4,,2685,,
3854408440,True,4,14,32,48,63,1920,1831,3208,,14162,
3854498593,False,348,30,18,63,3,2038,6,,1234,,
3854613702,True,153,23,23,3,63,4,1844,4538,,15808,
3854704857,True,163,17,22,31,63,1572,1974,2809,,8334,
3854810418,True,173,19,26,48,63,448,1974,1960,,11130,
3854928326,True,168,9,24,63,63,1540,1974,165,,14123,
3855045406,False,247,27,24,62,14,1840,1024,,3313,,
3855126038,False,89,23,9,63,11,2046,1542,,0,,
3855201180,True,252,29,44,58,63,1920,1574,0,,14192,
3855211981,True,10,33,41,0,51,1536,1798,1804,,9989,
3855322538,False,44,30,30,63,0,1796,1536,,5514,,
3856109320,True,106,23,46,48,63,1536,1958,1611,,11954,
3856210369,True,73,28,30,0,63,1024,1796,8920,,20534,
3856317902,True,134,33,46,56,63,1792,1828,939,,23877,
3856371600,False,82,30,14,63,0,1844,1536,,0,,
3856441285,True,0,24,30,48,63,1792,1854,0,,8209,
3856476310,True,214,29,42,50,63,384,1574,610,,23697,
3856540185,False,187,36,19,63,48,1982,1792,,331,,
3856618664,True,25,21,36,0,63,0,1844,0,,34812,
3856657225,True,103,21,37,48,63,1536,1982,0,,19370,
3856784059,True,49,14,28,50,63,384,1975,3724,,5756,
3856785633,False,154,23,5,63,12,2047,1568,,105,,
3856880792,True,166,10,24,63,63,1830,1983,40,,12029,
3856978772,True,101,29,30,0,63,0,1975,1899,,14738,
3857133774,True,100,18,26,0,63,1536,1974,1169,,13720,
3857223519,False,0,41,34,59,19,1796,516,,15636,,
3857361495,False,160,36,17,63,0,2036,1536,,39,,
3857948369,False,250,40,13,63,3,1972,1536,,584,,
3858047503,False,28,25,7,63,40,2046,1536,,0,,
3858123895,True,255,20,20,3,63,1536,1846,3763,,9588,
3858133933,True,0,7,28,48,63,1920,1983,214,,17399,
3858218113,False,132,16,8,63,3,2038,1536,,224,,
3858222095,True,284,35,24,49,63,256,1798,8014,,6778,
3858316713,False,262,26,23,63,48,1824,1792,,2408,,
3858341244,True,227,13,38,0,63,1024,1975,0,,21385,
3858438387,True,112,12,38,51,63,1796,1974,0,,16618,
3858449839,True,104,23,48,0,63,1536,1975,62,,22883,
3858543045,True,70,21,32,48,63,1536,1974,269,,16091,
3858598169,False,135,29,22,63,0,1974,1536,,137,,
3858746706,False,6,43,36,48,63,1792,262,,3632,,
3858902133,True,62,9,46,51,63,1796,1983,624,,23646,
3859017359,False,116,32,21,63,0,1956,1536,,2388,,
3859112825,False,219,40,29,54,3,1792,1540,,5280,,
3859208891,True,196,11,21,59,63,1796,1982,2864,,8053,
3859911502,True,196,19,33,40,63,1536,1958,6068,,5054,
3860041559,True,48,12,24,0,63,1536,1983,0,,17788,
3860181472,True,141,23,34,15,63,1540,1846,459,,4084,
3860228898,True,7,24,34,32,63,1536,1846,9817,,4745,
3860298305,True,30,25,42,0,63,1536,1854,611,,24393,
3860355983,False,463,31,6,63,3,1972,6,,106,,
3860434033,True,219,13,22,48,63,1792,1974,2820,,18526,
3860516530,True,264,7,35,51,63,1924,1983,0,,16323,
3860563545,True,60,8,25,50,63,1792,1974,1996,,15822,
3860626926,False,286,32,14,63,50,1844,1536,,1426,,
3860676988,False,329,36,42,62,0,1824,0,,0,,
3860917809,False,0,37,27,63,3,1974,4,,1756,,
3861026687,True,90,26,45,51,63,900,1983,57,,24527,
3861782528,False,5,30,16,63,2,2046,1536,,0,,
3861849410,True,0,39,42,55,15,1280,1540,7255,,2961,
3861958084,True,116,42,49,0,59,1536,1926,1300,,8471,
3862035677,True,444,9,23,51,63,1924,1974,607,,25695,
3862104329,False,148,49,32,63,48,1852,256,,1233,,
3862135578,True,155,26,35,3,63,4,1824,6777,,16397,
3862218492,True,50,6,38,15,63,1542,2047,275,,15617,
3862262314,False,0,41,19,63,48,1956,1536,,165,,
3862347259,False,0,20,21,60,3,1824,6,,2254,,
3862410871,True,283,21,55,48,63,256,1975,0,,20832,
3862476678,True,83,8,26,63,63,1572,1983,100,,13730,
3862555760,False,111,42,25,63,3,1846,1540,,0,,
3862603578,True,53,9,23,63,63,1588,1983,839,,7642,
3862694365,False,0,27,23,63,0,1844,0,,2219,,
3865436538,True,94,18,34,58,63,1536,1974,1,,16087,
3865542373,False,379,35,15,63,0,1974,0,,1640,,
3865715133,True,7,36,46,0,63,0,1974,1211,,16515,
3865875641,False,46,33,18,63,0,2022,1536,,480,,
3866060233,False,16,47,37,63,3,1572,6,,4411,,
3866190562,False,196,30,8,47,63,1540,774,,748,,
3866278803,False,23,25,15,63,15,2038,566,,24,,
3867448152,False,28,54,31,51,0,896,0,,8408,,
3867646351,False,78,25,26,63,51,1828,262,,11023,,
3867862633,True,69,19,38,7,63,1540,1974,539,,17318,
3868032433,False,18,57,43,55,63,1796,1568,,10040,,
3868240894,False,10,37,39,63,0,1972,0,,1731,,
3868388262,True,271,25,49,50,63,256,1792,152,,12756,
3869862804,False,140,58,29,63,63,2036,1828,,161,,
3870010503,False,5,50,46,63,48,1796,384,,7679,,
3870156798,True,117,27,34,3,63,4,1974,4176,,3459,
3870453145,True,88,39,42,59,51,260,1924,4444,,7992,
3870602242,True,0,37,37,0,63,1536,1844,2994,,4370,
3870720136,False,60,33,33,35,51,1540,260,,6960,,
3870838763,True,0,29,42,51,63,1792,1974,1322,,20824,
3875927432,True,0,12,41,48,63,1792,1983,164,,20370,
3875992958,True,175,21,34,51,63,1924,2039,1127,,18096,
3875993264,False,269,28,9,63,0,2046,1536,,198,,
3876072976,True,270,19,34,50,63,1536,1854,358,,22235,
3876073925,True,0,43,48,52,15,256,516,8733,,1571,
3876175039,False,428,33,6,63,48,1972,1792,,368,,
3876216637,True,64,25,19,63,62,4,1568,9061,,7999,
3876303199,True,113,13,28,15,63,1572,1983,116,,14056,
3876357054,True,178,16,25,0,63,1536,1975,1379,,15474,
3876379841,True,116,6,25,60,63,1952,2039,0,,16598,
3876473522,True,101,23,32,48,63,1792,2047,0,,20814,
3876477098,True,104,13,30,48,63,1536,1846,705,,12726,
3876625338,False,0,38,33,56,63,1792,260,,638,,
3876700964,True,196,21,42,0,63,0,1846,37,,25676,
3876799364,True,49,12,20,3,63,1540,1982,0,,16523,
3878216001,True,5,13,29,0,63,1536,2047,253,,23327,
3878219320,True,393,11,31,59,63,384,1572,788,,6462,
3878292868,False,115,28,30,63,0,1974,0,,1057,,
3878299774,True,23,22,38,0,63,1536,1974,1520,,15559,
3878400949,True,150,43,36,7,63,4,1830,6200,,13426,
3878402373,True,197,22,27,3,63,1540,1799,0,,14181,
3878503547,False,0,51,29,55,0,1796,0,,3166,,
3878505320,True,214,47,42,63,63,516,1796,4104,,6808,
3878628302,False,140,50,37,3,55,1536,260,,26521,,
3878630905,True,371,13,13,32,63,1536,1983,319,,15990,
3878728704,True,0,14,33,51,63,1796,1983,-328,,23741,
3878823750,True,223,19,29,51,63,964,1830,4987,,8903,
3880844514,False,158,35,17,63,3,1846,1536,,1286,,
3880950513,True,82,19,32,60,63,1824,1846,0,,16331,
3881057421,True,7,25,56,0,63,0,1830,2146,,21618,
3881230848,True,134,14,36,15,63,1568,1974,290,,25442,
3881375246,False,0,35,26,63,0,1590,0,,139,,
3881561712,False,387,18,7,63,0,2046,1536,,34,,
3883220784,True,32,31,42,3,63,1536,1574,2035,,13182,
3883347356,True,3,15,37,32,63,1536,1847,1401,,12107,
3883462744,False,95,47,14,63,0,1982,0,,260,,
3883657400,True,0,11,23,51,63,1542,1982,227,,12654,
3883770492,True,465,12,28,0,63,1536,1855,1538,,18560,
3884052012,True,123,25,32,0,63,1536,1855,3870,,20998,
3884218559,True,160,14,24,48,15,384,1590,1606,,12677,
3888578614,True,76,25,30,0,63,1024,1974,153,,27271,
3888582250,False,142,45,26,63,51,1844,260,,883,,
3888583323,False,83,21,10,63,51,1982,1796,,766,,
3888633383,True,175,14,34,0,63,1536,1974,622,,17524,
3888646761,False,50,20,3,63,60,1982,1824,,129,,
3888666303,False,0,39,22,15,63,1572,391,,2626,,
3888710999,False,18,30,11,63,59,2038,1798,,-71,,
3888711624,False,0,26,26,63,15,1972,1540,,3550,,
3888767050,False,199,35,14,61,51,1952,1796,,1314,,
3888781364,True,11,18,31,59,63,1796,2047,0,,19544,
3888816314,False,4,37,18,63,3,1968,1540,,651,,
3888855626,False,55,47,40,63,0,1828,0,,14209,,
3888874291,False,4,37,25,63,0,1972,0,,1542,,
3888897233,False,8,32,10,63,0,1852,1536,,0,,
3888974246,True,153,20,28,2,63,1536,1982,640,,14021,
3888981415,False,11,36,14,63,48,1824,1792,,964,,
3889008004,False,215,31,26,63,3,1828,1028,,6596,,
3889067271,False,75,33,17,63,3,2032,1540,,1633,,
3889095712,True,172,19,30,13,63,1568,1846,1034,,15527,
3889125363,True,185,49,41,35,32,4,1536,14425,,11578,
3889172765,False,74,41,11,63,59,2038,1540,,308,,
3889219951,True,108,18,40,0,63,1536,1975,488,,17385,
3889299301,True,408,23,32,60,63,1824,1975,218,,13580,
3889323628,False,92,34,19,63,0,2038,0,,583,,
3889358128,True,312,9,25,49,63,1792,1982,0,,15107,
3889421559,False,10,30,9,63,63,2047,1844,,0,,
3889445646,True,0,19,39,60,63,1792,1974,3623,,11501,
3889448283,False,203,37,21,63,3,1798,512,,1003,,
3889571850,False,138,52,17,51,32,1926,512,,,,
3889772161,True,74,17,32,51,63,1796,1974,534,,15504,
3890827984,True,151,46,41,34,63,1536,1792,16552,,375,
3890836890,True,142,10,30,51,63,1924,1846,377,,14910,
3890837233,False,76,32,24,63,0,1968,0,,4358,,
3890889267,False,227,47,16,63,0,1972,1024,,1371,,
3890907673,True,180,41,60,3,15,1540,548,12813,,18717,
3890914266,True,92,24,26,0,63,0,1828,8102,,17400,
3890976184,True,90,16,24,48,63,1536,1982,502,,13170,
3891013861,False,0,25,6,63,3,2036,1542,,560,,
3891024973,True,135,8,30,3,63,1540,1854,437,,24592,
3891064693,True,46,34,50,51,63,388,1798,7459,,1939,
3891085673,True,264,21,34,3,31,1536,1540,22782,,3439,
3891117294,False,238,45,38,51,51,1924,260,,8404,,
3891154355,False,136,40,10,63,51,1975,1796,,0,,
3891198578,True,115,11,23,63,63,1956,1983,0,,12928,
3891216019,True,88,32,50,0,15,0,1590,1748,,22470,
3891255300,False,176,33,10,63,48,1846,1792,,1422,,
3891287696,False,361,34,24,63,0,1792,0,,4501,,
3891341830,False,143,40,17,63,51,1982,1792,,397,,
3891349796,False,48,41,31,63,0,1568,1536,,3755,,
3891386864,True,3,20,43,51,63,260,1590,0,,9904,
3891428412,False,79,34,33,63,51,1830,260,,2281,,
3891483725,False,103,22,11,63,51,2038,1798,,113,,
3891494975,False,0,47,27,63,0,1974,0,,337,,
3891541020,False,0,36,26,63,16,1588,1536,,745,,
3891589237,False,123,39,22,63,48,1974,1536,,363,,
3891640110,False,0,28,9,63,3,1974,6,,600,,
3891663985,True,84,7,26,3,63,1536,1983,293,,15533,
3891750360,True,184,20,47,0,63,1536,1844,328,,7373,
3891767458,True,165,16,26,48,63,1792,1847,2930,,15502,
3891925312,False,112,29,15,63,0,2038,1536,,1573,,
3893059114,True,217,8,30,48,63,1792,1846,589,,13132,
3893117690,False,101,38,14,63,43,1972,1540,,1706,,
3893222060,True,193,4,26,51,63,1792,2047,242,,24904,
3893314987,True,224,24,34,0,63,0,1846,3022,,15735,
3893448698,False,0,25,11,63,63,2038,1831,,1629,,
3893538521,True,249,13,32,60,63,1792,1975,545,,24125,
3893641241,True,71,30,29,63,31,390,1542,4466,,5227,
3893763347,False,25,31,19,63,15,2038,1572,,3717,,
3893895473,True,213,22,26,48,63,1792,1974,3469,,22215,
3894049655,False,188,24,14,63,48,1972,1792,,986,,
3897647670,True,137,34,34,0,0,0,0,13256,,4093,
3897828395,True,235,31,38,0,63,0,1830,834,,14366,
3898052688,False,312,33,19,47,0,1590,1536,,579,,
3898179475,True,114,22,26,0,63,0,1847,4962,,13141,
3898369901,True,199,6,31,3,63,512,1974,70,,32078,
3898537635,True,155,51,50,51,51,1792,1542,8821,,16479,
3898771485,True,183,14,34,48,63,1792,1844,1502,,10769,
3899640601,False,268,28,20,63,60,1844,304,,1489,,
3899726029,False,348,29,10,63,0,1920,1536,,4431,,
3899867571,False,105,29,17,63,0,1972,1536,,625,,
3899984103,True,214,18,26,59,63,1796,1974,0,,18162,
3900169897,True,116,10,31,63,63,1828,1983,36,,21454,
3900280991,False,276,31,39,63,15,1796,4,,8517,,
3900489066,True,198,13,30,3,63,1540,1980,1559,,27333,
3900655955,False,194,32,18,63,48,2044,1792,,361,,
3902374443,True,247,22,33,51,63,256,1972,1469,,6968,
3902498542,False,241,31,12,63,15,2036,54,,391,,
3902849890,False,346,32,15,63,15,1956,1542,,265,,
3902979731,True,52,23,59,32,63,1536,1846,501,,18959,
3903099199,False,0,40,32,63,63,1828,260,,7908,,
3908954812,False,103,28,12,63,3,1590,1542,,2061,,
3908965592,True,80,20,22,15,63,48,260,2099,,9245,
3909047737,False,53,46,22,63,51,2044,1540,,0,,
3909090113,False,0,38,30,63,3,1828,4,,5980,,
3909169351,True,140,27,30,2,63,1536,1974,1562,,24018,
3909251237,False,8,31,13,63,55,2036,260,,813,,
3909327479,True,243,17,38,58,63,1920,1847,341,,25659,
3909391492,True,150,8,29,59,63,1798,2047,0,,23320,
3909460746,False,0,42,29,63,0,1956,0,,2971,,
3909514591,True,155,18,36,3,63,6,1596,0,,16869,
3909634072,True,95,19,46,3,63,1540,2047,0,,23520,
3909654281,True,0,12,38,16,63,1536,1846,1838,,23764,
3909733428,False,6,29,31,63,0,2038,0,,333,,
3909760210,False,10,28,16,63,0,2036,1536,,-100,,
3909837272,True,106,11,30,63,63,1796,1975,-100,,23388,
3909857306,True,17,22,37,51,63,256,1831,0,,10772,
3909907640,True,76,39,44,49,0,256,0,14219,,7834,
3909951436,True,167,35,38,3,63,4,1846,1222,,10333,
3910005819,True,47,30,46,0,63,512,1972,0,,24113,
3910028416,True,170,27,38,0,63,0,1844,4936,,23477,
3910845070,True,273,13,36,63,63,1572,1844,745,,11594,
3910845348,True,106,3,30,0,63,1536,1982,0,,20986,
3910932361,False,271,33,7,63,15,2046,1572,,0,,
3910953977,False,137,25,5,63,3,2046,1542,,0,,
3911032684,True,148,17,33,48,63,384,1855,523,,13408,
3911051288,True,94,11,36,48,63,1984,1982,0,,19554,
3911193264,True,85,10,34,11,63,1540,1855,436,,16838,
3911317677,True,77,32,45,51,63,772,1844,3155,,6087,
3911466745,False,8,35,23,63,35,1974,1542,,2444,,
3911582365,True,0,24,37,11,63,4,1830,3417,,14384,
3911695865,False,6,33,18,63,31,1982,548,,0,,
3913069866,False,281,24,13,63,11,1972,1542,,860,,
3913231529,True,87,21,36,51,63,772,1982,102,,19531,
3913433059,True,0,16,33,48,63,256,1847,-425,,21608,
3913576985,False,2,32,11,63,3,1588,1542,,3648,,
3913692326,True,152,14,27,12,63,1568,1846,1619,,21809,
3915145827,True,79,17,34,59,63,1798,1974,0,,5099,
3915279179,True,79,19,47,48,63,1536,1846,75,,19951,
3915514948,False,33,22,10,63,48,2046,1536,,441,,
3915648691,False,90,25,1,63,51,2038,1924,,461,,
3915763230,False,314,29,23,63,0,1972,0,,121,,
3917076539,True,86,13,23,48,63,1920,1590,4601,,10193,
3917196768,False,43,30,12,63,15,1846,1542,,0,,
3917323099,True,54,35,29,61,63,288,1830,8221,,8449,
3917561625,True,120,7,33,15,63,1540,1844,291,,19212,
3917700931,True,143,46,44,3,63,4,1844,8430,,5148,
3917861323,True,8,6,26,63,63,1982,2039,0,,11390,
3927969458,True,0,10,35,51,63,1926,1982,398,,14800,
3927969700,False,140,48,11,63,3,2044,6,,348,,
3927970381,True,224,20,37,51,63,1924,1975,4297,,5504,
3927970658,True,163,13,22,48,63,1920,1844,368,,15194,
3928022579,False,137,40,31,63,51,1824,260,,7773,,
3928032584,True,146,14,23,63,63,1830,1983,0,,8322,
3928033510,False,204,31,32,51,55,1796,260,,5891,,
3928034802,False,57,49,22,63,0,1796,1536,,854,,
3928080962,True,12,37,38,51,51,1792,1798,6352,,8732,
3928102591,True,133,14,43,3,63,1540,1982,0,,28213,
3928136472,False,24,45,39,55,3,1796,0,,10908,,
3928234992,True,100,21,25,48,63,1536,1855,0,,22630,
3928278244,True,114,13,20,48,63,1792,1983,266,,9834,
3928337789,True,51,29,44,0,63,1536,1983,329,,27195,
3928389527,True,0,20,39,0,63,1024,1854,190,,24096,
3928462587,False,106,59,33,12,19,0,4,,5752,,
3928509645,False,65,42,31,63,0,1920,0,,548,,
3928620364,True,53,35,39,49,63,256,1828,1299,,14616,
3928688563,True,374,25,32,0,63,1536,1844,3802,,9188,
3928801490,False,112,32,12,63,3,1974,1542,,592,,
3928837410,True,127,33,45,15,51,516,1796,7271,,32451,
3928936023,False,405,34,11,63,12,2038,1536,,291,,
3929018213,True,257,31,35,0,63,1024,1974,1182,,14562,
3930016447,False,315,31,5,63,3,2038,1542,,0,,
3930017604,False,70,44,14,63,3,1972,4,,2394,,
3930018175,False,293,24,3,63,63,2038,1828,,328,,
3930055489,False,144,44,18,63,48,2046,1536,,403,,
3930082757,False,204,31,10,63,0,1584,0,,0,,
3930084254,True,147,22,29,0,63,1536,1926,721,,6462,
3930123077,False,145,44,21,63,2,1974,1536,,787,,
3930125995,False,222,32,25,63,0,1846,1536,,808,,
3930149324,True,200,9,29,3,63,4,1974,0,,8261,
3930153082,True,122,34,32,55,63,1796,1952,9100,,5838,
3930216789,False,0,30,24,51,3,1798,1540,,4814,,
3930266193,True,152,30,37,59,63,1924,1844,5274,,10050,
3930343388,False,86,41,49,63,0,1828,0,,14574,,
3930369369,False,189,41,20,63,15,1974,38,,2003,,
3930496811,True,146,24,45,3,63,1540,1844,0,,13964,
3930501529,False,99,31,16,63,0,1974,1536,,798,,
3930614997,True,118,15,41,2,63,1536,1844,41,,17693,
3930642875,False,5,26,17,63,48,1956,256,,1111,,
3930746428,True,79,44,33,51,63,1792,1828,8427,,4628,
3930752760,True,122,9,28,48,63,256,2047,0,,20165,
3930871882,True,84,14,35,2,63,1536,1983,0,,29936,
3930896312,True,19,12,26,60,63,1920,1975,0,,15357,
3930995463,True,0,30,41,48,63,384,1830,337,,11295,
3931151617,True,193,10,38,18,63,1536,1854,163,,26798,
3932111656,False,8,40,21,63,51,2046,256,,0,,
3932161077,True,198,6,24,8,63,1536,2047,100,,14090,
3932214146,True,141,18,39,0,63,0,1830,1049,,20372,
3932294528,True,50,26,32,0,63,1536,1958,194,,21692,
3932378219,True,131,16,25,60,63,1792,1847,2309,,12185,
3932468492,True,94,23,22,31,63,1572,1844,7208,,3513,
3932554750,False,53,39,21,63,3,2036,6,,0,,
3932641464,True,61,36,45,51,55,256,260,3929,,10941,
3932802156,False,139,42,32,60,0,1840,1536,,4750,,
3932948526,True,233,14,32,60,63,256,1828,1734,,9433,
3933892648,True,185,11,29,63,63,1572,1974,608,,15814,
3933935682,False,106,32,18,63,55,2038,1796,,2625,,
3933995420,False,378,33,10,63,47,2039,1572,,368,,
3934056852,False,9,38,9,63,15,1974,1572,,729,,
3934135077,False,0,38,6,63,63,2039,1572,,42,,
3934197014,False,70,49,40,63,60,1956,1840,,3904,,
3934299285,True,151,20,37,0,63,1024,1828,8325,,7102,
3934416979,False,8,47,27,63,63,1844,1828,,497,,
3934531879,True,117,30,34,2,63,0,1828,9301,,5412,
3934691232,False,142,35,14,63,0,1844,1536,,474,,
3934811274,True,121,11,35,34,63,1536,1983,0,,25661,
3935657118,False,205,27,27,63,0,1828,0,,1286,,
3935718039,True,164,16,26,48,63,1408,1828,6202,,9273,
3935790916,True,0,12,21,32,63,1536,1846,1166,,16608,
3935855156,False,50,29,14,63,51,1972,1792,,454,,
3935917464,True,76,23,45,51,63,388,1572,5570,,7372,
3936038407,True,78,49,56,48,15,256,1536,19948,,3260,
3936208040,True,70,26,31,51,63,388,1846,6313,,9797,
3936321758,False,0,51,33,63,3,1974,4,,468,,
3936473615,True,137,43,48,63,63,1828,1792,9021,,9053,
3936679099,True,0,25,37,51,63,1540,1828,8726,,16477,
3937435514,True,6,15,29,48,63,1792,1854,1032,,15205,
3937484599,False,98,21,14,63,51,2038,1792,,3335,,
3937537639,False,114,40,28,63,0,1844,1536,,6118,,
3937609487,False,168,30,33,63,63,1796,1798,,5466,,
3937695236,False,8,22,25,63,0,1958,1536,,929,,
3937770762,False,83,26,14,63,0,2046,1536,,514,,
3937843537,True,148,12,37,63,63,1796,1846,127,,25063,
3937936341,False,395,34,26,63,51,1828,1796,,4484,,
3941137339,True,86,19,32,0,59,0,1796,1892,,12383,
3941208711,False,298,37,26,63,51,1924,1796,,3287,,
3941338408,True,753,2,20,51,63,1924,1855,0,,12791,
3941422211,False,155,43,33,63,0,2038,0,,4306,,
3941608894,False,174,35,25,63,12,2038,1536,,502,,
3941740660,True,105,33,58,48,63,256,1830,6903,,32538,
3941931884,True,109,11,41,51,63,1920,1846,53,,17918,
3942119450,False,115,35,15,63,0,1982,1536,,1411,,
3942260942,True,10,27,50,0,63,512,1855,2382,,10860,
3943204781,False,88,35,17,63,60,2038,1792,,91,,
3943262880,False,45,50,42,63,3,1828,4,,8915,,
3943365614,False,109,48,16,63,12,1974,1536,,0,,
3943547236,False,106,34,28,63,3,1854,6,,3264,,
3943673479,False,75,43,21,63,59,1974,1796,,557,,
3943790375,False,177,33,24,63,15,2047,1572,,0,,
3943893584,True,150,5,30,63,63,1926,1983,101,,17306,
3943981461,True,46,20,30,15,63,1572,1983,1308,,11456,
